id:ID(Talent-ID),name,profile_path,:LABEL
31,Tom Hanks,/pQFoyx7rp09CJTAb932F2g8Nlho.jpg,Talent
12898,Tim Allen,/uX2xVf6pMmPepxnvFWyBtjexzgY.jpg,Talent
7167,Don Rickles,/h5BcaDMPRVLHLDzbQavec4xfSdt.jpg,Talent
12899,Jim Varney,/eIo2jVVXYgjDtaHoF19Ll9vtW7h.jpg,Talent
12900,Wallace Shawn,/oGE6JqPP2xH4tNORKNqxbNPYi7u.jpg,Talent
7907,John Ratzenberger,/yGechiKWL6TJDfVE2KPSJYqdMsY.jpg,Talent
8873,Annie Potts,/eryXT84RL41jHSJcMy4kS3u9y6w.jpg,Talent
1116442,John Morris,/vYGyvK4LzeaUCoNSHtsuqJUY15M.jpg,Talent
12901,Erik von Detten,/twnF1ZaJ1FUNUuo6xLXwcxjayBE.jpg,Talent
12133,Laurie Metcalf,/unMMIT60eoBM2sN2nyR7EZ2BvvD.jpg,Talent
8655,R. Lee Ermey,/r8GBqFBjypLUP9VVqDqfZ7wYbSs.jpg,Talent
12903,Sarah Freeman,,Talent
37221,Penn Jillette,/zmAaXUdx12NRsssgHbk1T31j2x9.jpg,Talent
6837,Walter Matthau,/xJVkvprOnzP5Zdh5y63y8HHniDZ.jpg,Talent
3151,Jack Lemmon,/chZmNRYMtqkiDlatprGDH4BzGqG.jpg,Talent
13567,Ann-Margret,/jx5lTaJ5VXZHYB52gaOTAZ9STZk.jpg,Talent
16757,Sophia Loren,/emKLhbji1c7BjcA2DdbWf0EP9zH.jpg,Talent
589,Daryl Hannah,/4LLmp6AQdlj6ueGCRbVRSGvvFSt.jpg,Talent
16523,Burgess Meredith,/lm98oKloU33Q7QDIIMSyc4Pr2jA.jpg,Talent
7166,Kevin Pollak,/kwu2T8CDnThZTzE88uiSgJ5eHXf.jpg,Talent
67773,Steve Martin,/rI2EMvkfKKPKa5z0nM2pFVBtUyO.jpg,Talent
3092,Diane Keaton,/fzgUMnbOkxC6E3EFcYHWHFaiKyp.jpg,Talent
519,Martin Short,/oZQorXBjTxrdkTJFpoDwOcQ91ji.jpg,Talent
70696,Kimberly Williams-Paisley,/nVp4F4VFqVvjh6huOULUQoiAguY.jpg,Talent
59222,George Newbern,/48Ouqe1g8QrZ6qjvap5NvhfKuly.jpg,Talent
18793,Kieran Culkin,/swcqQCMREeGCk6FAxIfczGpFBys.jpg,Talent
14592,BD Wong,/o8JUV37KWNorHOabp3zyD756oE3.jpg,Talent
20906,Peter Michael Goetz,/a2hLcCidETgwlVyQnYy4kXVKUcn.jpg,Talent
54348,Kate McGregor-Stewart,/vsvdAmMZgX85AvnVFd4jigOUipZ.jpg,Talent
209,Jane Adams,/HbQfL01xmV1psnh0WvldIBzDg3.jpg,Talent
26510,Eugene Levy,/69IBiDjU1gSqtrcGOA7PA7aEYsc.jpg,Talent
24358,Lori Alan,/mNfJWzuaKgkIaK7CuirXOMosd2h.jpg,Talent
1158,Al Pacino,/ks7Ba8x9fJUlP9decBr6Dh5mThX.jpg,Talent
380,Robert De Niro,/lvTSwUcvJRLAJ2FB5qFaukel516.jpg,Talent
5576,Val Kilmer,/AlhPeiH8R4reMNGNQ9ag1FPbuW9.jpg,Talent
10127,Jon Voight,/c7BvyqlvqDkfkFqSBUCiR21fvTh.jpg,Talent
3197,Tom Sizemore,/soINOuacuiThRb2LyPD4tTWve7C.jpg,Talent
6200,Diane Venora,/3k7w5Y7gTAxN1JML7jhN8F8rVrS.jpg,Talent
15851,Amy Brenneman,/xC408loYq7tQlkpS5YH68SoaDND.jpg,Talent
15852,Ashley Judd,/3bgmRDt02iGFVjhqCqstVyEeiwG.jpg,Talent
34,Mykelti Williamson,/8TTxzpuvvpw2tB8xZBCDslYupNU.jpg,Talent
524,Natalie Portman,/1oEP6OyYZgyLubgJXifx2GO78c7.jpg,Talent
15854,Ted Levine,/7O3vgqgicfNeGr3leC0qB074fjX.jpg,Talent
119232,Tom Noonan,/cpINV4Q8IeVgSLyKz9ldzzAGr5n.jpg,Talent
31004,Tone Loc,/o940ZhEYQYrOJdhRnmPrYoc9iOq.jpg,Talent
5587,Hank Azaria,/3vIdbP73nKnKpMAcgGWoALPF2JO.jpg,Talent
15853,Wes Studi,/2b1hfAOoVjU7HoSbyHzGjl8DWs1.jpg,Talent
352,Dennis Haysbert,/mn5Nc5Q31GslpVVWs8p41W4TBma.jpg,Talent
11160,Danny Trejo,/7b8cDfrmeheQbgryfCm7MeJOxxM.jpg,Talent
9290,Henry Rollins,/2E0cZdoJsdt1Lv4waG3s6fsfJeU.jpg,Talent
886,William Fichtner,/apj1bgzZI2efSdJolfp6KjhG8CF.jpg,Talent
34839,Kevin Gage,/egIApa0PPsHkAwrGnOAUtdqO6CQ.jpg,Talent
4158,Susan Traylor,/A3ZpoAui1ure4Nx2b83wUMI8lvv.jpg,Talent
86602,Jerry Trimble,/oDK7NCnz2z2BFV8YquEpj8PBwed.jpg,Talent
158452,Ricky Harris,/eJEzFSHTjGdUz1JDThdTR5C1Jrd.jpg,Talent
12799,Jeremy Piven,/qtho4ZUcValnVvscTGgyWfUr4VP.jpg,Talent
3982,Xander Berkeley,/vlZ9FDMk2Xd1WHixPKxnheZoXgR.jpg,Talent
181343,Begonya Plaza,/2TtFPBtz0Bd3CXAc4W5K6zF66RY.jpg,Talent
81687,Rick Avery,/rXar2OrwkorJyQ9dRGf18zUEByW.jpg,Talent
91756,Hazelle Goodman,/kTa2cn8cuJdxKJBqFnYHibIknI9.jpg,Talent
160970,Ray Buktenica,/aMBLygqfsJv3QrBCvvZ7wMc3Ejq.jpg,Talent
175600,Max Daniels,/5zjSVtxyDExuf1913re1lG3k0Q3.jpg,Talent
12879,Vince Deadrick Jr.,/z4HIKOQGQj8QXozFpQhj43xlmHm.jpg,Talent
9258,Steven Ford,/iw8CUyekmYkGwmg0bp7foY4KvrH.jpg,Talent
167501,Farrah Forke,/gmKm7TiZduyyaLlNgWnQEZHTc5Q.jpg,Talent
95145,Patricia Healy,/RsHWe8vW3Hzbp8FeeEVqOD6Kux.jpg,Talent
58535,Paul Herman,/vaK8wxkMeKJdZEdGUufyV0Ma24M.jpg,Talent
161939,Cindy Katz,/eENk49BVUS9grR2ffwEsYh9Wl69.jpg,Talent
6580,Brian Libby,/lvY7hpUtU12BUD8mwQqFymnsxFI.jpg,Talent
95796,Dan Martin,/u24mFuqwEE7kguXK32SS1UzIQzJ.jpg,Talent
166543,Mario Roberts,/TVlt1SNz2zoF2hTqY4HM3MnWHz.jpg,Talent
43010,Thomas Rosales Jr.,/ffDrcpKGvjPgpcjd0t9T6EtQ2hz.jpg,Talent
37252,Yvonne Zima,/dWA4Hsq8kkFXlmWERCoAh1OqK5M.jpg,Talent
1457709,Mick Gould,/6BcVGV4fUITs2jaThbOq4GHlAFU.jpg,Talent
4971,Bud Cort,/mwCVkL9BG1ZCF9icbcKjE8TCS7H.jpg,Talent
941147,Viviane Vives,/rGHOmMfoykUQJTnryRAl2t4XXG6.jpg,Talent
17358,Kim Staunton,/9CJmJ5l7DZAtZvdbltalwoV2NfH.jpg,Talent
4790,Martin Ferrero,/gTIclBDE9q6TFmOx7JIn32zTaVk.jpg,Talent
1090464,Brad Baldridge,,Talent
1090465,Andrew Camuccio,,Talent
1576419,Kenny Endoso,,Talent
106714,Kimberly Flynn,,Talent
116153,Niki Harris,,Talent
237923,Bill McIntosh,,Talent
4047,Rick Marzan,,Talent
57347,Terry Miller,,Talent
1576553,Daniel O'Haco,,Talent
218094,Kai Soremekun,,Talent
1491009,Peter Blackwell,,Talent
1137847,Trevor Coppola,,Talent
1504112,Mary Kircher,,Talent
1504568,Darin Mangan,,Talent
20625,Robert Miranda,,Talent
1502517,Manny Perry,,Talent
114625,Iva Franks Singer,,Talent
1576562,Tim Werner,,Talent
1584544,Philip Ettington,,Talent
3,Harrison Ford,/7CcoVFTogQgex2kJkXKMe8qHZrC.jpg,Talent
15887,Julia Ormond,/GYnXYOvBhzPfNmTpeIiO0XRTUu.jpg,Talent
17141,Greg Kinnear,/agOTbOC76I6rC7TPuCTquvngXRu.jpg,Talent
4301,Angie Dickinson,/tseegCkV3HvsXKIbcFuXHdzG4o2.jpg,Talent
12957,Nancy Marchand,/d9DASq3XmUsyfzSrATbAAOY7yn1.jpg,Talent
8937,John Wood,/bWt4JT9eGxFtu3q0iCAKFtNv5XK.jpg,Talent
16554,Richard Crenna,/nWtMvMnLqGjlIGWNXjshgxsHDih.jpg,Talent
34485,Lauren Holly,/bWQsB6ueNNkygxCiIxyKznQAiOK.jpg,Talent
13314,Dana Ivey,/12mxrB5iT1TAwCzIZvmcFGLBQ52.jpg,Talent
20234,Fanny Ardant,/ealXbfCd6oCubRDA3PMgKlq6xq.jpg,Talent
73827,Patrick Bruel,/1s6eR0MEbxulZPUteVnHxpwXF4F.jpg,Talent
13242,Paul Giamatti,/rX4LRmkYshMRfQ6lVbeZVAfqVKI.jpg,Talent
1163,Miriam Colón,/vNKUyJKVIvAmXT6pv0vWrZXazlS.jpg,Talent
138242,Elizabeth Franz,/7VqGTZ6wJtkUQYV2TdVxUxoEq49.jpg,Talent
62531,Valérie Lemercier,/hPUIFiIfMaQvpNmPvAVDxOQuZBS.jpg,Talent
59206,Becky Ann Baker,/9gvQnoCjPirtC656XmKqex3tLAn.jpg,Talent
163775,John C. Vennema,,Talent
452,Margo Martindale,/4YmmVgOGKsDsGGLunCHmigj2TbV.jpg,Talent
52475,J. Smith-Cameron,/nlqKCF29YVHmn9w2IX9pMa5nMqe.jpg,Talent
1853632,Christine Luneau-Lipton,,Talent
1853633,Michael Dees,,Talent
153226,Denis Holmes,,Talent
1853634,Jo-Jo Lowe,,Talent
28029,Ira Wheeler,/g48A2anrOKA1b7idTAG83yRkJYB.jpg,Talent
1853638,Philippa Cooper,,Talent
97364,Ayako Kawahara,,Talent
1317065,François Genty,,Talent
6554,Guillaume Gallienne,/nponKvpwED1CivIY3f2NlQGLWE9.jpg,Talent
37918,Inés Sastre,/gaYLEBCVdOaCVT1nuEXB0M5QFa6.jpg,Talent
1217813,Phina Oruche,,Talent
1853644,Andrea Behalikova,,Talent
1115935,Jennifer Herrera,,Talent
1853645,Kristina Kumlin,,Talent
1853646,Eva Linderholm,,Talent
76093,Carmen Chaplin,/dfVkdRgFyJEsBYeGllw11q5yUPZ.jpg,Talent
1853647,Micheline Van de Velde,,Talent
1853651,Joanna Rhodes,,Talent
1853653,Alan Boone,,Talent
1460738,Patrick Forster-Delmas,,Talent
1853654,Kentaro Matsuo,,Talent
1632066,Peter McKernan,,Talent
1853655,Ed Connelly,,Talent
4184,Ronald L. Schwary,,Talent
1853657,Alvin Lum,,Talent
1853658,Siching Song,,Talent
1357100,Phil Nee,/pZGJkVIw1RFmZuNiUzRQGupqMzW.jpg,Talent
157428,Randy Becker,,Talent
1211979,Susan Browning,,Talent
1853660,Anthony Mondal,,Talent
1853661,Peter Parks,,Talent
1548251,Woodrow Asai,,Talent
1221663,Eric Bruno Borgman,,Talent
1811338,Michael Cline,,Talent
1853663,Christopher Del Gaudio,,Talent
1099770,Philippe Hartmann,/wTuY9s0k7sULNdAFpWhe5U0knI0.jpg,Talent
1853664,Jerry Quinn,,Talent
1853665,Dori Rosenthal,/aWRmTrlVgJM7lvPGYPrxQj7w4MX.jpg,Talent
53283,Jonathan Taylor Thomas,/1S8DpfNv6iiQRuKFPtb5u6sCQ5G.jpg,Talent
51214,Brad Renfro,/t97fjAtDrBHTv9ABwwwHDzdKtpo.jpg,Talent
38581,Rachael Leigh Cook,/cotGJui5H2Te2ThYERndc3DOVOm.jpg,Talent
8316,Michael McShane,/aCiOde1ijVveYObBCxtWWRi9UP9.jpg,Talent
87007,Amy Wright,/mEV42JRtrTTZg92GjyjRkQSXpsn.jpg,Talent
57448,Eric Schweig,/9APhQ9Iw9eC3VMRYIJTOnChboDQ.jpg,Talent
102313,Tamara Mello,/xYEvziWM0OpyktDS0FzbRzviSQa.jpg,Talent
15111,Jean-Claude Van Damme,/aqZ9RjL5j44HMlBMvTaawhHiGOH.jpg,Talent
6280,Powers Boothe,/3nNL6AvMAYq0BmHKM79RnRZVq3i.jpg,Talent
8656,Dorian Harewood,/qSHAaRlh8yjTHtYReU0CUWgSFt5.jpg,Talent
10361,Raymond J. Barry,/k4WDNgYHOUgRaPQIsZUPUxl1lO6.jpg,Talent
12928,Ross Malinger,/oeqoxZ3WgQRUE1DusC68SACHHrC.jpg,Talent
79088,Whittni Wright,,Talent
517,Pierce Brosnan,/1JXL0zrA26JjdoX8sqf57fJRDVM.jpg,Talent
48,Sean Bean,/iIxP2IzvcLgr5WaTBD4UfSqaV3q.jpg,Talent
10695,Izabella Scorupco,/hMhy6vd7vyWb06aKqbbx9Nba55X.jpg,Talent
10696,Famke Janssen,/9wHWq6Mnfpn8L1diMxjr26ReZWl.jpg,Talent
10671,Joe Don Baker,/bLvWzzb9SyoyjwPpj5pgzXb9tuC.jpg,Talent
5309,Judi Dench,/2is9RvJ3BQAku2EtCmyk5EZoxzT.jpg,Talent
3757,Gottfried John,/hOVrTlQwZX4THosi9usXISC7mNS.jpg,Talent
1923,Robbie Coltrane,/u07QKPs7wvXxzjXi1UUBSGjjmQm.jpg,Talent
10697,Alan Cumming,/sGlkbGy5yWAKuAOzWVWPMONxM4f.jpg,Talent
10698,Tchéky Karyo,/9rMF25F5r3Giix9jkwfuUz2utHv.jpg,Talent
9906,Desmond Llewelyn,/6dYMQoMSZ6iVZTbcgjpzypTZ2pr.jpg,Talent
10699,Samantha Bond,/vBPkMGAHIoOP2ni9yYKoxCbw4Z0.jpg,Talent
10648,Michael Kitchen,/bt1UWcegfSflLONcFN6XNqgayZt.jpg,Talent
10700,Serena Gordon,/uiqwc2Y7wP7gSbT0h3db9Mm8YDh.jpg,Talent
10701,Simon Kunz,/tkjaXZuR8F94q6r2RW5aeHXWJhZ.jpg,Talent
55911,Billy J. Mitchell,,Talent
27425,Constantine Gregory,/2zJA2LCS6utcD9hvXpDkRtY55ZO.jpg,Talent
6613,Minnie Driver,/iWqTeFmdoY8V8RLcH89K75AKeQN.jpg,Talent
29054,Michelle Arthur,/zKQFuK3W4LMzfIz8W86RYf6jGp7.jpg,Talent
41742,Ravil Isyanov,/kJkFC0qq7OeXgFTpBffWaSaeuOZ.jpg,Talent
3392,Michael Douglas,/nmlitv4g2jXO3sJrnA9g980j2uc.jpg,Talent
516,Annette Bening,/q8pCSQzGLrhgtVXBKzMnwfoeBlH.jpg,Talent
521,Michael J. Fox,/aeN1cA04vVXKrVy1SuS1JOhABBs.jpg,Talent
8349,Martin Sheen,/ve77Q75moQhoB6cxdMfigfrHeTA.jpg,Talent
63279,Anna Deavere Smith,/1sJnUz9umndJBGZIh9QfxAd7uxg.jpg,Talent
112080,Shawna Waldron,/oWfERtTQVAhhvnzM7axvRD3lQju.jpg,Talent
20767,Samantha Mathis,/dzUjIFu7AAbwwJfj6aFRPfvYgC3.jpg,Talent
19839,David Paymer,/rrI6LgFb1la4PCIYuTB7pjIGgut.jpg,Talent
3037,Richard Dreyfuss,/7JPMhXnfY5jgPbtByutwkHHZS3M.jpg,Talent
42133,Nina Siemaszko,/htNzOMMh4Hys3EhTDWdJOlbtKpL.jpg,Talent
61980,Wendie Malick,/1Av0jIi4Hk30kruQjaRH2Am2TIE.jpg,Talent
78494,Beau Billingslea,/3Ooz7bdkkSwwbzOs9SPXIXvGKYQ.jpg,Talent
42003,Gail Strickland,/pT9Tb2f07joxd7KYPLucak7X8J0.jpg,Talent
131642,Joshua Malina,/qa9ItKTmW35iicfsYXowg6P6qm6.jpg,Talent
43115,Clement von Franckenstein,/pwpD8AxmseZOmnWXRsDErKk08Ro.jpg,Talent
4251,John Mahoney,/jK2uDKxfysuYjNAgUxbwyhd4fKD.jpg,Talent
43978,John Mahon,/tkBnAn8PA3gSOj3bSH8zquD7P04.jpg,Talent
92808,Gabriel Jarret,/19LMwcgNFfQnmcIkWeb4SVjKNyR.jpg,Talent
7633,Leslie Nielsen,/cZpuTfE1j63tCEXoSL2A7KZjk5d.jpg,Talent
14639,Mel Brooks,/ndFo3LOYNCUghQTK833N1Wtuynr.jpg,Talent
1219,Amy Yasbeck,/c7WOXDlKE9cwTBjpUtCKFPqnptr.jpg,Talent
12688,Peter MacNicol,/hw4KTj66xh2FupS5sQMeNMNL6lx.jpg,Talent
12812,Lysette Anthony,/yLTijECWVviLdhB03IYkZSJJLcY.jpg,Talent
13640,Harvey Korman,/zXLYvJP3ReKPI6lJr2VuDGupL1j.jpg,Talent
6106,Steven Weber,/ujINzDjLNtELBSUkRHQgExzP4Fb.jpg,Talent
29709,Mark Blankfield,/oAtZrKAA1c8XJLBBfW1oXYYt8jS.jpg,Talent
53570,Megan Cavanagh,/xZML4JXgD7Yd0f19hXhq7bXLXfC.jpg,Talent
170185,Gregg Binkley,/gTmsOFfFqHDcEzeqh3ezcSuk7TB.jpg,Talent
10774,Anne Bancroft,/4VMhut6tvXqXBmMGFRjXbbImAZW.jpg,Talent
16935,Geena Davis,/6b8cRJOItz7yNpYuLCPkl5kv4m2.jpg,Talent
8654,Matthew Modine,/tEQG1Us5IuoKYtufZe6waWtxfeg.jpg,Talent
8924,Frank Langella,/wMlcjLBQouQjE0iceseNTxUF3BF.jpg,Talent
7868,Maury Chaykin,/jhJgkb5P0oAW7QtULjqD2kaN0ez.jpg,Talent
8979,Patrick Malahide,/pv65v8oEhLo0ibCz1K23UCoKMuS.jpg,Talent
16936,Stan Shaw,/2KUPUQQFmc8Zyzf16uaiYmVrNvX.jpg,Talent
16937,Rex Linn,/2ze2PNirf4vle9sWRkSxHgv1iH0.jpg,Talent
13925,Paul Dillon,/6jouXtMcbJ7nTuDNwvaePnqCHTX.jpg,Talent
35769,Christopher Masterson,/gz0GFQmLLjo6Q9Gvf1rKdZd2XhM.jpg,Talent
133771,Jimmie F. Skaggs,,Talent
1166,Harris Yulin,/MCW4IR3mEB6oeRbX9bfeHkZ3qm.jpg,Talent
127166,Carl Chase,/3HLdJB6ZQNi3DK4Ix9FXZ0a67K8.jpg,Talent
1220350,Peter Geeves,,Talent
1252814,Angus Wright,/jcVb6Z421Z3zshe9R7dCOn2NpO9.jpg,Talent
91662,Ken Bones,/fA5B1EMFzgRzUr8K07iwYi3JwV8.jpg,Talent
31294,Mary Peach,/lrgPf78F1KneQzji4slgXqzhJ1t.jpg,Talent
17202,Thomas Lockyer,,Talent
1649736,Roger Booth,,Talent
90625,George Murcell,,Talent
1117347,Simon Atherton,/di5Gr8kLKeLuI1gyzqBDIc5xyod.jpg,Talent
1495190,Dickey Beer,,Talent
1466675,Christopher Halliday,,Talent
1420324,Chris Johnston,,Talent
16792,Richard Leaf,/8TLhzJ9VOjZPm9myvZaWMsuOW0j.jpg,Talent
2480,Tam White,/jk1UaBYHiiEm6BXLhlHtG50NDLc.jpg,Talent
2479,Rupert Vansittart,/Adw0Z2bT8qU5H6S0swuUWrBKDDs.jpg,Talent
19704,Nick Bartlett,/gup3bUaA5IokhbF1511vS6T2AoR.jpg,Talent
1715,David Bailie,/iUKR4K7ftO6xj6ExewkIBlL9tYw.jpg,Talent
1221761,Kwame Kwei-Armah,,Talent
178622,Ramon Tikaram,/lsR2X7T6FJcNIkY651zQ46D0nAw.jpg,Talent
64102,Christopher Adamson,/8yLz3515hR5RgjeH0kbGcjSYylO.jpg,Talent
204,Kate Winslet,/w8wjPbS24vPErNeYhAvtbyAUBMd.jpg,Talent
7056,Emma Thompson,/cWTBHN8kLf6yapxiaQD9C6N1uMw.jpg,Talent
3291,Hugh Grant,/r3rSJLJwKmsJyPA3gojzuMthJ4C.jpg,Talent
207,Tom Wilkinson,/4mxZKgdem0sQ8hJd0Y7TREwq7TJ.jpg,Talent
4566,Alan Rickman,/7tADZs4ILE93oJ5pAh6mKQFEq2m.jpg,Talent
20769,Imogen Stubbs,/osr7TepyQdENiyy4iYi8zfWzIx.jpg,Talent
16700,Greg Wise,/A4u37pRp9MakKBhiIblXSCJEk33.jpg,Talent
41419,Hugh Laurie,/3qCmEHtq5fBW8dbzsYDSy16Zqb0.jpg,Talent
11356,Imelda Staunton,/mKlkh0AuYPD5HjmnlrW0uPm5QvJ.jpg,Talent
23076,Robert Hardy,/y6NTr4kw3mNQnPmvhs4XMiFT8v5.jpg,Talent
31923,Oliver Ford Davies,/7fpNxQYZ85oRdnKWxPzQfURFkFT.jpg,Talent
10726,James Fleet,/eS2oKgYBTwgko5cYSvKLIARTZJO.jpg,Talent
17477,Harriet Walter,/vfpIPsC27D1ONVres7j3DgWYzdN.jpg,Talent
9138,Gemma Jones,/doDUez5AkN0bfqmZWB0bKO9mcJe.jpg,Talent
937907,Emilie François,,Talent
1220119,Elizabeth Spriggs,/dwzoE4S0dFJRoxTcvvfjOuSp4Sx.jpg,Talent
141551,Richard Lumsden,/2YwiyGY1w1W4OQbnjGUf1yBvRbk.jpg,Talent
3129,Tim Roth,/r4jtlboNqWPz2dOHafrPJE4Yd94.jpg,Talent
3131,Antonio Banderas,/85197jARsr06xQ84NhP9YoBL3sR.jpg,Talent
3130,Jennifer Beals,/uYa9mUAh3YeFlACaY0rI0Oz7pRf.jpg,Talent
3125,Madonna,/oWBpuX3Bxcp6pyP4KNKws0JibDD.jpg,Talent
3141,Marisa Tomei,/w8qBpRcv04D5eSnnmvRL7PXyW36.jpg,Talent
62,Bruce Willis,/2B7RySy2WMVJKKEFN2XA3IFb8w0.jpg,Talent
138,Quentin Tarantino,/9ci4NBvHXJktxjALdJsrtasqgtV.jpg,Talent
3122,Sammi Davis,/1h6J7f0AZBGtn1kmfoipQVFZBaQ.jpg,Talent
3123,Amanda de Cadenet,/m6poxt6GFglku6yregZH7NxElET.jpg,Talent
3124,Valeria Golino,/fD4N460T7Yw8VTDG4YgoMSdMqhU.jpg,Talent
3127,Lili Taylor,/pIJ4Enx6kIC9srLkDfGpEzfNlDZ.jpg,Talent
2545,Lawrence Bender,/5EzlP8qdCYQrhqEYB2MTmY74KFB.jpg,Talent
3126,Ione Skye,/oiVKhuD2s4kNVnnAYUICtCjdzoC.jpg,Talent
3128,Alicia Witt,/pmKMhehztGEv2i7PPY20nP68j0f.jpg,Talent
2555,David Proval,/ujBzP61tYlwqWpB3oOxknl1XuEg.jpg,Talent
3132,Lana McKissack,,Talent
3134,Tamlyn Tomita,/iX6zGWXFWLdUnxaVebXGzXXwgft.jpg,Talent
3138,Kathy Griffin,/psg895Ye46vGenRdX0EXvGOm92p.jpg,Talent
3137,Paul Calderon,/2v8spXfKtaMbFZ25FrVsV0SAPwW.jpg,Talent
3136,Salma Hayek,/u5mg73xKVqm8oT93HoMmsgQHyoK.jpg,Talent
3133,Patricia Vonne,/hQ5YETklKKI8FwTZoDREDYJ0K4I.jpg,Talent
3135,Danny Verduzco,,Talent
37336,Kimberly Blair,,Talent
3140,Marc Lawrence,/l9BsvMMq9db1eSbnTGia0ymp1mv.jpg,Talent
